H,AVG,HR,RBI,SLG,OBP,Inducted
882,0.264,25,241,0.346,0.313,N
931,0.295,63,428,0.419,0.329,N
635,0.231,14,238,0.280,0.313,N
874,0.248,62,451,0.358,0.292,N
887,0.269,77,399,0.388,0.328,N
778,0.252,133,415,0.444,0.347,N
713,0.245,108,424,0.408,0.337,N
722,0.270,38,387,0.391,0.334,N
833,0.243,173,520,0.451,0.322,N
917,0.263,86,421,0.397,0.330,N
1021,0.270,104,598,0.418,0.322,N
1210,0.281,80,486,0.419,0.355,N
4,0.118,0,5,0.176,0.118,N
733,0.246,21,278,0.318,0.311,N
722,0.264,96,358,0.427,0.387,N
910,0.293,17,328,0.379,0.355,N
934,0.241,5,396,0.305,0.323,N
812,0.235,136,480,0.407,0.284,N
901,0.262,164,529,0.460,0.332,N
1040,0.275,31,497,0.367,0.339,N
929,0.283,67,426,0.409,0.365,N
881,0.276,70,541,0.437,0.344,N
847,0.254,144,531,0.448,0.323,N
709,0.221,11,342,0.290,0.295,N
794,0.248,110,462,0.399,0.338,N
805,0.267,132,467,0.464,0.341,N
719,0.240,122,445,0.409,0.358,N
895,0.247,111,373,0.390,0.302,N
924,0.276,28,327,0.370,0.336,N
781,0.247,67,387,0.369,0.320,N
965,0.259,190,603,0.467,0.332,N
1031,0.276,12,277,0.350,0.325,N
655,0.264,44,264,0.384,0.311,N
1096,0.281,42,312,0.379,0.339,N
732,0.244,27,260,0.324,0.313,N
714,0.241,27,269,0.327,0.285,N
1301,0.294,213,750,0.507,0.371,N
1190,0.280,204,786,0.492,0.351,N
765,0.230,81,375,0.350,0.271,N
536,0.240,20,202,0.318,0.332,N
666,0.251,85,345,0.409,0.307,N
1010,0.290,25,272,0.389,0.342,N
909,0.254,121,494,0.415,0.351,N
854,0.271,28,401,0.364,0.328,N
1007,0.253,12,469,0.311,0.322,N
1047,0.277,218,685,0.499,0.340,N
877,0.257,64,333,0.369,0.300,N
580,0.238,39,212,0.346,0.327,N
898,0.247,4,254,0.296,0.339,N
1058,0.286,78,376,0.421,0.369,N
693,0.271,66,329,0.406,0.381,N
768,0.260,70,331,0.392,0.312,Y
978,0.269,23,451,0.361,0.313,N
1028,0.290,26,255,0.383,0.357,N
799,0.256,91,387,0.397,0.298,N
1166,0.305,119,614,0.478,0.387,N
847,0.255,106,428,0.397,0.327,N
1100,0.271,300,920,0.551,0.364,N
788,0.249,2,297,0.283,0.335,N
989,0.268,29,281,0.371,0.362,N
1060,0.249,1,373,0.296,0.000,N
742,0.261,18,234,0.334,0.358,N
1115,0.311,38,553,0.423,0.376,N
601,0.242,18,209,0.314,0.313,N
754,0.243,24,239,0.308,0.291,N
613,0.263,59,299,0.407,0.335,N
1114,0.268,197,684,0.482,0.338,N
1108,0.283,36,323,0.371,0.309,N
795,0.252,88,382,0.399,0.304,N
1118,0.299,48,506,0.421,0.368,N
841,0.237,41,271,0.327,0.292,N
1104,0.282,32,482,0.379,0.332,N
1054,0.278,201,694,0.507,0.381,N
751,0.238,4,240,0.283,0.273,N
971,0.270,148,530,0.446,0.321,N
959,0.267,67,428,0.400,0.360,N
739,0.239,70,313,0.364,0.281,N
743,0.258,26,298,0.361,0.334,N
501,0.250,12,134,0.319,0.370,N
1130,0.266,17,534,0.374,0.320,N
738,0.241,19,219,0.314,0.300,N
709,0.222,22,229,0.289,0.277,N
1004,0.272,11,389,0.344,0.349,N
1249,0.273,148,601,0.433,0.322,N
722,0.236,44,228,0.322,0.288,N
958,0.270,58,436,0.400,0.333,N
717,0.253,13,263,0.324,0.314,N
976,0.271,125,481,0.440,0.364,N
1199,0.274,86,465,0.407,0.329,N
916,0.262,66,421,0.377,0.305,N
945,0.269,40,486,0.377,0.360,N
935,0.254,9,324,0.316,0.295,N
1256,0.286,28,644,0.392,0.332,N
1063,0.285,192,717,0.495,0.384,N
852,0.251,13,392,0.314,0.287,N
916,0.267,80,544,0.408,0.328,N
827,0.248,125,440,0.436,0.308,N
849,0.252,80,395,0.377,0.290,N
1282,0.333,51,543,0.468,0.386,N
972,0.252,15,380,0.319,0.299,N
618,0.225,58,321,0.343,0.284,N
1484,0.291,92,480,0.440,0.342,N
1011,0.275,43,516,0.396,0.335,N
10,0.083,0,2,0.083,0.126,N
738,0.270,21,322,0.358,0.351,N
582,0.257,84,322,0.420,0.330,N
1053,0.278,17,364,0.377,0.358,N
1459,0.308,177,715,0.503,0.351,N
1386,0.326,52,757,0.458,0.395,N
925,0.263,98,424,0.422,0.320,N
992,0.263,14,381,0.351,0.319,N
934,0.261,47,373,0.367,0.322,N
1067,0.278,82,445,0.413,0.336,N
917,0.271,1,263,0.316,0.325,N
982,0.281,107,451,0.438,0.342,N
974,0.262,66,351,0.380,0.318,N
964,0.251,4,336,0.303,0.294,N
655,0.249,83,278,0.410,0.312,N
682,0.232,194,467,0.485,0.329,N
966,0.268,50,447,0.383,0.335,N
813,0.236,82,381,0.350,0.292,N
1085,0.256,209,673,0.467,0.361,N
1071,0.289,73,573,0.441,0.352,N
835,0.255,62,356,0.358,0.297,N
978,0.256,55,533,0.387,0.346,N
670,0.247,121,410,0.434,0.351,N
952,0.276,13,254,0.344,0.354,N
894,0.238,4,295,0.295,0.322,N
903,0.249,31,333,0.328,0.312,N
992,0.277,147,530,0.475,0.356,N
902,0.247,149,488,0.425,0.291,N
795,0.246,32,270,0.324,0.317,N
956,0.279,57,501,0.398,0.342,N
38,0.088,1,21,0.106,0.139,Y
1418,0.299,15,544,0.367,0.000,N
939,0.227,7,380,0.288,0.271,N
970,0.262,75,391,0.387,0.339,N
1153,0.299,63,430,0.420,0.345,N
1066,0.269,4,319,0.343,0.346,N
870,0.249,6,303,0.297,0.303,N
789,0.254,86,379,0.404,0.336,N
1030,0.303,91,528,0.455,0.380,N
1201,0.291,29,396,0.384,0.364,N
832,0.279,131,499,0.466,0.337,N
920,0.251,5,376,0.312,0.303,N
831,0.247,102,476,0.391,0.299,N
946,0.264,17,407,0.342,0.317,N
935,0.264,22,261,0.331,0.317,N
707,0.232,22,317,0.324,0.296,N
710,0.233,55,327,0.335,0.322,N
1081,0.271,29,393,0.353,0.305,N
928,0.250,14,303,0.309,0.303,N
1176,0.295,59,614,0.440,0.331,N
1267,0.311,42,533,0.417,0.362,N
1112,0.286,80,481,0.409,0.337,N
877,0.245,127,490,0.403,0.307,N
874,0.276,108,513,0.450,0.352,N
1121,0.296,135,659,0.492,0.360,N
976,0.280,68,428,0.413,0.352,N
949,0.254,105,480,0.401,0.308,N
1067,0.253,23,569,0.327,0.315,N
966,0.258,28,355,0.341,0.292,N
1120,0.254,31,631,0.337,0.294,N
996,0.232,25,404,0.338,0.260,N
899,0.271,66,405,0.405,0.360,N
819,0.264,90,455,0.420,0.336,N
876,0.260,112,435,0.419,0.305,N
833,0.220,3,346,0.273,0.269,N
1020,0.270,9,289,0.325,0.356,N
1069,0.265,20,493,0.344,0.318,N
1203,0.287,7,474,0.364,0.333,N
995,0.274,137,555,0.464,0.364,N
1109,0.266,57,373,0.364,0.303,N
786,0.239,61,340,0.341,0.350,N
857,0.275,65,453,0.410,0.348,N
876,0.257,166,565,0.457,0.340,N
3,0.088,0,1,0.088,0.088,N
773,0.235,91,352,0.372,0.290,N
819,0.234,8,321,0.295,0.284,N
1217,0.267,13,495,0.340,0.334,N
785,0.252,52,339,0.358,0.314,N
901,0.244,105,428,0.380,0.327,N
736,0.256,101,398,0.435,0.338,N
958,0.256,115,488,0.408,0.337,N
831,0.253,69,346,0.375,0.288,N
1283,0.288,59,353,0.392,0.342,N
1309,0.334,13,462,0.410,0.466,N
865,0.273,40,274,0.371,0.340,N
1073,0.267,10,391,0.330,0.321,N
893,0.275,10,240,0.339,0.349,N
1176,0.273,18,303,0.339,0.318,N
1209,0.276,75,478,0.391,0.340,N
601,0.229,36,234,0.327,0.268,N
799,0.268,82,386,0.420,0.329,N
727,0.233,121,396,0.395,0.337,N
1093,0.279,124,558,0.454,0.360,N
927,0.270,93,458,0.412,0.340,N
819,0.252,35,285,0.341,0.333,N
1064,0.325,36,582,0.459,0.368,N
1426,0.301,204,818,0.506,0.381,N
1104,0.281,61,391,0.402,0.336,N
600,0.249,89,338,0.419,0.339,N
1104,0.281,95,525,0.445,0.352,N
1152,0.263,16,503,0.353,0.345,N
776,0.255,87,396,0.395,0.313,N
661,0.244,32,263,0.344,0.303,N
1055,0.264,189,668,0.468,0.329,N
1275,0.288,199,739,0.500,0.376,N
912,0.265,163,563,0.459,0.307,N
1124,0.271,84,440,0.401,0.324,N
929,0.242,77,366,0.343,0.314,N
959,0.249,125,584,0.413,0.324,N
700,0.239,42,282,0.328,0.320,N
1090,0.282,95,575,0.437,0.369,N
1055,0.264,228,743,0.489,0.316,N
941,0.222,24,358,0.313,0.297,N
991,0.261,80,454,0.389,0.321,N
1018,0.295,125,544,0.474,0.373,N
1122,0.258,9,354,0.320,0.310,N
1100,0.277,59,333,0.380,0.315,N
877,0.254,115,432,0.418,0.305,N
1087,0.278,27,514,0.377,0.353,N
1202,0.259,18,543,0.322,0.281,N
944,0.253,86,459,0.379,0.293,N
871,0.273,98,401,0.439,0.328,N
1035,0.277,30,294,0.369,0.348,N
1056,0.250,13,455,0.326,0.289,N
967,0.266,38,357,0.350,0.338,N
1219,0.294,94,723,0.447,0.328,N
975,0.276,61,456,0.405,0.357,N
813,0.236,49,281,0.325,0.274,N
1333,0.310,62,755,0.443,0.408,N
1230,0.257,31,564,0.350,0.274,N
1138,0.278,27,514,0.380,0.340,N
1052,0.278,170,578,0.467,0.345,N
699,0.240,117,401,0.411,0.326,N
1194,0.265,99,490,0.394,0.331,N
1235,0.293,82,713,0.462,0.346,N
1245,0.264,145,643,0.422,0.327,N
1244,0.312,41,403,0.416,0.368,N
910,0.245,9,292,0.304,0.293,N
869,0.244,57,323,0.344,0.341,N
803,0.233,47,254,0.313,0.300,N
999,0.255,130,433,0.412,0.320,N
946,0.280,38,375,0.377,0.313,N
1129,0.254,32,558,0.332,0.303,N
1032,0.254,15,430,0.333,0.315,N
856,0.264,148,532,0.451,0.360,N
1253,0.276,31,749,0.378,0.323,N
788,0.267,47,253,0.379,0.351,N
1525,0.313,229,872,0.536,0.387,N
1056,0.261,82,569,0.383,0.329,N
1016,0.257,27,322,0.335,0.321,N
815,0.239,73,351,0.357,0.314,N
1195,0.287,18,302,0.364,0.362,N
1199,0.271,157,638,0.454,0.341,N
1158,0.269,211,734,0.485,0.363,N
984,0.257,43,372,0.343,0.310,N
1214,0.285,24,373,0.374,0.344,N
980,0.291,64,436,0.417,0.403,N
969,0.270,104,449,0.409,0.349,N
1371,0.278,143,627,0.444,0.324,N
1352,0.289,69,740,0.438,0.332,N
1055,0.278,98,565,0.426,0.353,N
1049,0.260,39,320,0.351,0.333,N
1004,0.253,160,591,0.419,0.337,N
1001,0.257,141,531,0.422,0.323,N
1238,0.294,24,464,0.384,0.340,N
1205,0.287,17,324,0.369,0.345,N
777,0.213,21,378,0.281,0.254,N
1176,0.277,11,557,0.362,0.327,N
1196,0.282,40,343,0.379,0.348,N
1298,0.303,143,741,0.469,0.370,N
837,0.240,148,509,0.422,0.304,N
900,0.252,26,344,0.328,0.316,N
1029,0.255,2,214,0.313,0.301,N
972,0.257,9,308,0.320,0.319,N
1078,0.293,118,522,0.454,0.349,N
1139,0.290,48,570,0.396,0.424,N
1075,0.256,39,391,0.362,0.308,N
849,0.265,63,371,0.391,0.314,N
1017,0.263,126,555,0.425,0.326,N
856,0.236,56,331,0.334,0.296,N
1123,0.270,121,566,0.427,0.324,N
508,0.221,2,142,0.259,0.270,N
1226,0.275,7,329,0.328,0.327,N
1087,0.278,25,417,0.377,0.367,N
1292,0.296,58,556,0.437,0.369,N
853,0.220,230,600,0.442,0.324,N
1241,0.299,72,591,0.415,0.357,N
916,0.237,23,279,0.299,0.321,N
1226,0.286,77,687,0.421,0.361,N
886,0.252,90,352,0.410,0.342,N
891,0.245,137,588,0.427,0.357,N
991,0.254,29,394,0.352,0.316,N
1190,0.279,28,443,0.367,0.316,N
1000,0.270,38,469,0.358,0.341,N
1005,0.271,186,586,0.482,0.321,N
1212,0.263,21,539,0.338,0.345,N
954,0.245,7,377,0.308,0.288,N
682,0.215,30,268,0.286,0.264,N
906,0.252,129,514,0.430,0.322,N
1022,0.254,57,366,0.347,0.292,N
1127,0.274,90,536,0.392,0.357,N
1290,0.279,27,735,0.364,0.332,N
1257,0.292,43,496,0.402,0.359,N
1128,0.278,130,634,0.431,0.367,N
780,0.255,85,365,0.410,0.301,N
1016,0.261,20,230,0.323,0.365,N
1301,0.312,24,397,0.414,0.386,N
1085,0.286,189,760,0.518,0.410,N
911,0.256,83,422,0.402,0.328,N
933,0.259,30,409,0.352,0.319,N
965,0.286,2,219,0.342,0.329,N
1394,0.289,69,497,0.413,0.360,N
1281,0.272,49,672,0.397,0.357,N
1285,0.277,35,402,0.364,0.349,N
1241,0.291,47,593,0.408,0.362,N
1072,0.276,110,599,0.432,0.408,N
855,0.236,21,259,0.310,0.332,N
1646,0.341,46,659,0.467,0.403,N
1429,0.303,53,836,0.440,0.380,N
988,0.248,56,381,0.357,0.337,N
798,0.277,115,470,0.463,0.329,N
1076,0.255,17,301,0.323,0.294,N
1145,0.264,90,439,0.391,0.333,N
925,0.252,94,365,0.401,0.319,N
1159,0.283,19,489,0.373,0.357,N
1389,0.300,65,832,0.446,0.369,N
1230,0.250,18,503,0.315,0.240,N
940,0.245,167,570,0.433,0.330,N
1227,0.298,59,501,0.443,0.358,N
1161,0.263,169,591,0.438,0.324,N
821,0.256,14,254,0.317,0.346,N
1227,0.279,40,721,0.398,0.346,N
971,0.263,77,443,0.371,0.318,N
1296,0.297,52,561,0.415,0.359,Y
914,0.266,71,438,0.382,0.340,N
1041,0.245,153,530,0.411,0.335,N
832,0.265,59,396,0.376,0.333,N
1185,0.281,15,560,0.377,0.331,N
1095,0.269,19,495,0.352,0.340,N
999,0.254,55,342,0.354,0.310,N
1215,0.270,74,446,0.382,0.324,N
843,0.228,8,273,0.275,0.255,N
1106,0.239,12,411,0.294,0.308,N
1146,0.273,166,674,0.452,0.347,N
1440,0.290,18,593,0.387,0.332,N
1100,0.274,127,591,0.448,0.332,N
1170,0.300,100,592,0.446,0.397,N
1391,0.310,77,707,0.467,0.376,N
1098,0.265,98,521,0.398,0.306,N
1091,0.256,154,709,0.425,0.324,N
1159,0.255,64,667,0.384,0.351,N
1253,0.282,175,760,0.462,0.360,N
1220,0.294,30,352,0.380,0.358,N
1101,0.282,47,512,0.379,0.345,N
1010,0.247,152,558,0.419,0.318,N
1061,0.264,101,461,0.396,0.349,N
1064,0.266,210,699,0.485,0.323,N
1007,0.258,144,606,0.438,0.324,N
935,0.229,11,332,0.287,0.300,N
954,0.244,167,608,0.413,0.322,N
1189,0.280,160,683,0.450,0.380,N
640,0.274,12,226,0.350,0.351,N
929,0.255,14,378,0.322,0.318,N
1262,0.276,134,668,0.421,0.336,N
921,0.268,86,419,0.408,0.349,N
1491,0.322,42,592,0.441,0.399,Y
1155,0.274,150,610,0.446,0.337,N
972,0.256,71,442,0.376,0.326,N
694,0.256,75,374,0.405,0.318,N
1278,0.287,24,487,0.363,0.318,N
915,0.256,155,540,0.429,0.355,N
893,0.236,15,345,0.312,0.295,N
1196,0.281,93,524,0.404,0.339,N
1161,0.276,242,856,0.500,0.360,Y
855,0.249,131,498,0.413,0.344,N
882,0.219,17,390,0.274,0.277,N
1229,0.291,85,493,0.425,0.373,N
1131,0.270,208,743,0.472,0.343,N
861,0.273,29,354,0.359,0.324,N
1202,0.290,40,450,0.407,0.370,N
464,0.254,42,250,0.387,0.347,N
972,0.231,5,254,0.293,0.291,N
763,0.251,96,409,0.413,0.334,N
793,0.260,21,305,0.343,0.313,N
1134,0.287,119,719,0.478,0.380,N
1149,0.271,58,481,0.383,0.349,N
964,0.265,102,454,0.394,0.324,N
1020,0.262,112,485,0.412,0.323,N
1357,0.302,80,699,0.458,0.346,N
1173,0.284,234,760,0.520,0.360,N
1009,0.243,10,429,0.303,0.321,N
883,0.234,202,599,0.443,0.320,N
1415,0.282,21,377,0.358,0.341,N
1080,0.234,277,791,0.472,0.350,N
1171,0.258,28,345,0.351,0.353,N
917,0.264,47,417,0.370,0.344,N
1030,0.247,2,456,0.294,0.285,N
1050,0.252,118,431,0.400,0.290,N
466,0.260,35,222,0.369,0.360,N
1172,0.276,132,485,0.444,0.339,N
878,0.252,88,446,0.388,0.344,N
1294,0.284,17,413,0.360,0.346,N
1386,0.280,84,482,0.413,0.351,N
1146,0.264,54,399,0.364,0.312,N
1454,0.310,37,663,0.434,0.398,N
1117,0.271,16,560,0.361,0.342,N
1093,0.265,237,776,0.486,0.329,N
1340,0.300,48,747,0.399,0.383,N
1109,0.269,70,464,0.388,0.293,N
774,0.250,61,323,0.361,0.334,N
846,0.254,36,296,0.343,0.305,N
1239,0.274,41,432,0.359,0.306,N
1286,0.260,74,667,0.384,0.303,N
1115,0.275,118,546,0.434,0.352,N
1268,0.270,27,471,0.364,0.307,N
1321,0.283,45,514,0.391,0.346,N
1230,0.271,22,421,0.341,0.337,N
938,0.250,136,516,0.432,0.333,N
1048,0.269,124,583,0.423,0.318,N
1292,0.296,65,520,0.390,0.322,N
942,0.241,134,505,0.407,0.306,N
1216,0.304,76,513,0.433,0.361,N
1160,0.274,130,604,0.423,0.347,N
1178,0.273,122,566,0.428,0.330,N
1064,0.279,60,486,0.395,0.352,N
1240,0.274,82,633,0.392,0.318,N
922,0.271,37,388,0.370,0.341,N
1299,0.264,39,683,0.364,0.307,N
920,0.251,96,422,0.375,0.318,N
1064,0.255,2,348,0.295,0.347,N
1308,0.272,21,421,0.355,0.307,N
1319,0.273,93,542,0.412,0.341,N
1264,0.270,156,667,0.441,0.317,N
1154,0.268,29,364,0.348,0.410,N
1157,0.279,119,522,0.425,0.323,N
1188,0.270,133,581,0.438,0.353,N
1151,0.271,20,513,0.357,0.318,N
1356,0.286,32,422,0.378,0.366,N
1214,0.265,38,480,0.359,0.322,N
1144,0.265,89,498,0.396,0.345,N
1377,0.280,39,690,0.379,0.318,N
1297,0.274,9,506,0.354,0.352,Y
1574,0.294,25,671,0.386,0.325,N
1103,0.262,123,528,0.419,0.335,N
1170,0.270,37,579,0.379,0.323,N
1099,0.268,91,479,0.400,0.317,N
1113,0.291,84,457,0.445,0.357,N
1275,0.260,43,643,0.367,0.309,N
1186,0.264,167,616,0.442,0.336,N
900,0.263,70,342,0.401,0.330,N
1317,0.260,30,517,0.340,0.334,Y
1083,0.259,68,398,0.372,0.327,N
1109,0.266,3,284,0.327,0.357,N
816,0.228,102,410,0.355,0.298,N
1400,0.303,130,726,0.463,0.368,N
1329,0.287,31,494,0.388,0.336,N
1455,0.307,17,404,0.386,0.394,N
1105,0.259,67,443,0.363,0.334,N
799,0.271,49,380,0.390,0.339,N
1230,0.256,27,304,0.313,0.308,N
828,0.243,35,286,0.338,0.310,N
996,0.255,119,549,0.419,0.329,N
1171,0.276,100,445,0.408,0.352,N
1496,0.292,44,735,0.376,0.375,Y
1171,0.276,134,620,0.437,0.318,N
1099,0.256,7,461,0.329,0.334,N
1118,0.265,42,344,0.356,0.323,N
1219,0.284,60,535,0.410,0.356,Y
1100,0.267,36,422,0.350,0.315,N
1298,0.285,81,404,0.419,0.375,N
1103,0.247,8,365,0.313,0.325,N
1247,0.267,87,491,0.388,0.300,N
951,0.263,38,403,0.348,0.332,N
1467,0.273,68,601,0.403,0.348,N
1246,0.269,59,571,0.391,0.311,N
1224,0.269,26,625,0.369,0.341,N
1056,0.257,108,484,0.405,0.332,N
1082,0.269,37,303,0.368,0.340,N
1325,0.300,47,501,0.410,0.336,N
1121,0.265,86,497,0.382,0.314,N
1225,0.254,10,329,0.323,0.324,N
1466,0.317,164,833,0.526,0.372,Y
1043,0.246,206,655,0.448,0.310,N
1231,0.270,27,392,0.350,0.349,N
1297,0.282,183,795,0.491,0.382,N
1527,0.311,18,840,0.406,0.390,N
1203,0.264,93,418,0.379,0.362,N
1273,0.296,20,596,0.394,0.394,N
1236,0.276,130,597,0.425,0.328,N
1146,0.239,40,550,0.341,0.265,N
960,0.240,80,422,0.347,0.303,N
1109,0.274,94,419,0.410,0.323,N
1029,0.268,24,284,0.339,0.332,N
1113,0.270,152,704,0.432,0.326,N
1142,0.262,53,501,0.353,0.349,N
1110,0.267,64,470,0.375,0.351,N
1316,0.289,107,545,0.435,0.348,N
1229,0.276,66,519,0.377,0.316,N
1521,0.310,106,819,0.464,0.348,N
961,0.240,10,344,0.298,0.272,N
1146,0.252,12,397,0.309,0.327,N
1122,0.271,148,591,0.440,0.360,N
1235,0.271,10,535,0.339,0.355,N
1011,0.257,134,504,0.414,0.340,N
1363,0.271,78,539,0.392,0.364,N
1252,0.265,61,541,0.373,0.353,N
1222,0.268,32,351,0.359,0.338,N
1340,0.268,2,344,0.317,0.352,N
1318,0.280,80,513,0.399,0.340,N
1170,0.281,38,471,0.373,0.356,N
1097,0.262,88,519,0.382,0.309,N
1296,0.281,80,467,0.388,0.359,N
1102,0.255,65,506,0.347,0.348,N
1070,0.261,94,455,0.381,0.293,N
1272,0.277,165,630,0.448,0.326,N
1239,0.269,38,526,0.372,0.369,N
1065,0.250,140,598,0.410,0.288,N
1353,0.273,36,368,0.356,0.317,N
1187,0.257,119,458,0.403,0.329,N
953,0.243,164,556,0.417,0.347,N
1546,0.305,36,622,0.416,0.369,N
1170,0.301,32,586,0.413,0.378,N
1331,0.285,124,660,0.443,0.355,N
925,0.239,67,443,0.344,0.293,N
1279,0.279,121,674,0.411,0.335,N
918,0.238,7,284,0.294,0.266,N
1146,0.251,221,718,0.453,0.299,N
908,0.237,79,441,0.356,0.312,N
1612,0.301,46,618,0.411,0.387,N
1380,0.281,32,559,0.378,0.312,N
1515,0.336,63,773,0.473,0.407,N
824,0.238,85,424,0.363,0.327,N
1414,0.280,35,392,0.355,0.345,N
1220,0.270,120,545,0.405,0.334,N
1068,0.254,91,533,0.374,0.354,N
1185,0.269,10,505,0.338,0.364,N
1153,0.273,106,527,0.410,0.361,N
1250,0.284,44,482,0.388,0.350,N
1625,0.303,71,883,0.456,0.372,N
1146,0.268,172,723,0.440,0.353,N
1576,0.294,26,557,0.380,0.341,N
1380,0.267,33,567,0.345,0.333,N
1562,0.306,75,408,0.416,0.339,N
1252,0.274,32,482,0.366,0.337,N
1310,0.278,27,593,0.374,0.341,N
1492,0.271,24,501,0.345,0.319,N
1473,0.283,22,360,0.345,0.318,N
1507,0.302,88,581,0.432,0.366,N
699,0.227,21,211,0.297,0.317,N
898,0.263,96,446,0.405,0.322,N
1331,0.288,78,525,0.392,0.326,N
1103,0.252,60,457,0.336,0.308,N
1199,0.258,55,474,0.342,0.333,N
972,0.272,73,435,0.407,0.354,N
1061,0.252,86,469,0.367,0.300,N
922,0.250,52,372,0.344,0.298,N
1151,0.283,77,476,0.412,0.338,N
1306,0.262,20,471,0.340,0.315,N
1039,0.260,25,455,0.355,0.307,N
719,0.260,77,349,0.398,0.353,N
938,0.249,134,534,0.410,0.324,N
1333,0.291,51,454,0.385,0.360,N
1544,0.314,27,657,0.416,0.370,N
998,0.245,59,436,0.343,0.301,N
1351,0.270,13,637,0.353,0.304,N
1294,0.265,61,426,0.366,0.306,N
1688,0.299,70,822,0.435,0.354,N
1103,0.250,147,579,0.416,0.330,N
1772,0.356,54,785,0.517,0.423,N
1200,0.251,157,644,0.419,0.296,N
1273,0.267,138,631,0.417,0.368,N
1046,0.245,137,547,0.394,0.316,N
1052,0.261,36,408,0.355,0.319,N
1615,0.298,79,513,0.408,0.344,N
950,0.246,71,431,0.367,0.296,N
1291,0.276,112,576,0.410,0.356,N
1390,0.290,124,585,0.430,0.337,N
1216,0.271,41,379,0.366,0.423,N
1031,0.260,47,422,0.369,0.346,N
1331,0.258,24,656,0.327,0.295,N
1243,0.260,68,548,0.359,0.290,N
1401,0.273,50,449,0.361,0.328,N
1344,0.277,84,642,0.403,0.340,N
1061,0.247,93,467,0.375,0.344,N
1561,0.302,228,1012,0.522,0.371,N
1461,0.307,244,1063,0.545,0.395,Y
690,0.258,54,289,0.367,0.348,N
1563,0.297,71,607,0.420,0.368,N
1293,0.275,221,733,0.490,0.344,N
1550,0.300,242,898,0.522,0.359,N
1802,0.318,321,1123,0.561,0.395,N
1113,0.262,48,438,0.350,0.314,N
1202,0.272,211,669,0.455,0.340,N
1279,0.269,80,475,0.384,0.333,N
1502,0.290,53,594,0.391,0.333,N
1463,0.314,69,784,0.449,0.372,N
1048,0.264,113,443,0.412,0.332,N
1021,0.250,27,342,0.322,0.323,N
1336,0.261,103,532,0.396,0.331,N
1084,0.244,70,448,0.349,0.328,N
1336,0.276,31,341,0.370,0.384,N
1229,0.251,275,849,0.472,0.324,N
1193,0.273,136,536,0.435,0.330,N
1029,0.274,47,357,0.372,0.335,N
1475,0.304,64,688,0.440,0.374,N
1069,0.246,166,609,0.402,0.356,N
1382,0.290,106,766,0.455,0.367,N
1206,0.242,13,462,0.308,0.378,N
1336,0.272,187,709,0.455,0.358,N
1317,0.274,144,711,0.411,0.307,N
1273,0.274,159,682,0.442,0.328,N
1164,0.259,119,628,0.400,0.343,N
1389,0.292,171,683,0.475,0.351,N
1642,0.292,118,667,0.441,0.332,N
984,0.271,42,319,0.363,0.325,N
1041,0.253,139,507,0.416,0.355,N
1286,0.261,306,943,0.507,0.344,N
989,0.230,56,353,0.316,0.308,N
1329,0.266,180,773,0.438,0.342,N
881,0.253,116,441,0.403,0.337,N
1016,0.258,196,699,0.459,0.355,N
1010,0.245,90,513,0.361,0.320,N
1167,0.254,21,324,0.326,0.323,N
1314,0.268,47,454,0.356,0.325,N
1388,0.273,18,722,0.346,0.316,N
1425,0.264,28,346,0.345,0.324,N
990,0.250,99,479,0.384,0.310,N
717,0.261,97,430,0.441,0.351,N
1260,0.275,151,737,0.429,0.361,N
1233,0.258,21,353,0.341,0.327,N
1580,0.279,338,1101,0.527,0.369,N
1257,0.248,22,452,0.329,0.301,N
1316,0.260,22,548,0.340,0.306,N
1493,0.294,22,410,0.374,0.347,N
1236,0.273,112,588,0.406,0.309,N
1396,0.267,248,850,0.476,0.343,N
1417,0.293,36,405,0.383,0.342,N
1216,0.280,32,377,0.353,0.305,N
1198,0.277,103,531,0.421,0.351,N
1257,0.252,37,386,0.343,0.306,N
1518,0.311,137,734,0.474,0.409,Y
1053,0.255,58,343,0.344,0.308,N
1521,0.267,33,835,0.354,0.301,N
1447,0.293,194,887,0.509,0.370,N
1007,0.234,106,501,0.351,0.320,N
1147,0.264,76,418,0.377,0.354,N
1653,0.297,115,580,0.430,0.360,N
1338,0.271,9,290,0.333,0.365,N
1176,0.264,71,435,0.374,0.317,N
1167,0.247,204,624,0.445,0.337,N
1530,0.264,29,883,0.338,0.294,Y
1245,0.289,17,539,0.367,0.342,N
963,0.240,179,559,0.421,0.331,N
1108,0.277,103,585,0.426,0.355,N
1454,0.286,89,799,0.420,0.347,N
1114,0.247,40,423,0.321,0.297,N
1122,0.265,47,525,0.360,0.313,N
1254,0.267,153,610,0.429,0.333,N
1162,0.282,86,503,0.415,0.325,N
1262,0.296,46,458,0.414,0.368,N
1628,0.313,331,1276,0.605,0.412,Y
1209,0.243,137,536,0.391,0.302,N
1315,0.258,219,721,0.432,0.301,N
1552,0.319,196,913,0.530,0.393,N
1147,0.234,151,641,0.387,0.303,N
1680,0.298,87,618,0.419,0.383,N
1278,0.266,288,876,0.496,0.347,N
1003,0.249,200,643,0.450,0.348,N
1246,0.242,95,471,0.367,0.290,N
1177,0.273,37,479,0.362,0.336,N
1383,0.280,52,619,0.382,0.328,N
1178,0.250,18,420,0.342,0.354,N
1401,0.282,38,561,0.385,0.373,N
1397,0.274,67,438,0.386,0.314,N
1239,0.257,123,589,0.396,0.320,N
1370,0.267,64,489,0.375,0.297,N
1531,0.302,130,735,0.447,0.367,N
1304,0.271,202,792,0.462,0.341,N
1366,0.273,262,925,0.496,0.368,N
1301,0.287,40,382,0.385,0.339,N
1459,0.271,62,467,0.383,0.307,N
1217,0.272,132,636,0.423,0.369,N
1187,0.262,122,513,0.406,0.354,N
1979,0.331,127,1299,0.505,0.388,Y
1693,0.309,156,1068,0.497,0.356,N
969,0.265,80,422,0.392,0.329,N
1042,0.254,146,618,0.424,0.322,N
1311,0.262,23,430,0.321,0.325,N
1461,0.278,35,391,0.366,0.342,N
1432,0.266,34,390,0.335,0.299,N
1382,0.265,15,564,0.339,0.292,N
1682,0.307,65,874,0.438,0.369,N
1323,0.271,79,616,0.390,0.384,N
1222,0.275,42,448,0.375,0.333,N
1342,0.266,144,723,0.411,0.312,N
1047,0.256,125,528,0.423,0.339,N
1524,0.298,128,654,0.445,0.359,N
1253,0.261,208,782,0.438,0.366,N
1484,0.284,22,395,0.351,0.363,N
1044,0.264,41,394,0.361,0.314,N
1092,0.252,39,404,0.326,0.316,N
1002,0.252,159,560,0.426,0.335,N
1268,0.249,49,541,0.337,0.290,N
1423,0.281,118,679,0.427,0.339,N
1571,0.283,21,426,0.358,0.334,N
1561,0.269,31,758,0.357,0.323,N
1160,0.290,52,477,0.404,0.341,N
748,0.217,6,252,0.259,0.293,N
1558,0.292,113,701,0.410,0.346,N
1153,0.278,99,475,0.413,0.366,N
1588,0.286,9,394,0.353,0.343,N
989,0.271,52,388,0.367,0.371,N
1284,0.274,170,699,0.452,0.358,N
1219,0.256,241,716,0.466,0.335,N
1049,0.249,40,352,0.333,0.315,N
1302,0.252,251,815,0.453,0.287,N
1747,0.313,229,936,0.521,0.361,N
1051,0.225,268,782,0.448,0.324,N
1252,0.261,136,609,0.404,0.340,N
1342,0.269,34,477,0.342,0.300,N
1446,0.279,84,818,0.428,0.368,N
1482,0.284,42,727,0.381,0.364,N
1726,0.303,25,900,0.381,0.364,N
1747,0.311,103,779,0.449,0.351,Y
1463,0.279,199,929,0.460,0.369,N
1557,0.295,74,613,0.404,0.375,N
1486,0.274,133,728,0.399,0.315,N
1131,0.259,68,446,0.356,0.344,N
1173,0.259,95,570,0.382,0.313,N
1168,0.257,122,576,0.396,0.343,N
1366,0.258,21,308,0.327,0.329,N
1508,0.302,105,712,0.461,0.392,N
1252,0.279,26,530,0.377,0.386,N
1269,0.263,16,494,0.337,0.316,N
1516,0.280,42,571,0.372,0.317,N
1565,0.291,34,486,0.386,0.334,N
1500,0.296,65,585,0.398,0.326,N
1251,0.269,136,591,0.415,0.330,N
1417,0.263,19,738,0.336,0.307,N
1477,0.287,207,792,0.466,0.353,N
1366,0.266,84,497,0.373,0.354,N
1540,0.297,215,909,0.486,0.366,N
1866,0.325,58,632,0.462,0.397,Y
1813,0.308,69,950,0.438,0.375,Y
1412,0.291,139,684,0.443,0.359,N
1720,0.306,20,743,0.389,0.416,N
1507,0.275,49,796,0.397,0.337,N
1454,0.282,184,821,0.455,0.333,N
1566,0.295,58,796,0.419,0.331,N
1335,0.264,166,751,0.417,0.327,N
1399,0.289,142,661,0.445,0.371,N
1122,0.279,36,329,0.364,0.315,N
1312,0.308,77,647,0.430,0.369,N
1518,0.284,38,793,0.384,0.333,N
1194,0.265,53,543,0.351,0.328,N
1471,0.271,33,552,0.371,0.317,N
1678,0.298,65,694,0.415,0.347,N
1759,0.311,39,617,0.393,0.362,N
1325,0.260,275,851,0.476,0.345,N
1302,0.251,155,722,0.403,0.322,N
1593,0.289,126,663,0.421,0.344,N
1138,0.270,187,702,0.458,0.370,N
1242,0.275,4,534,0.332,0.365,N
972,0.246,75,404,0.362,0.309,N
1660,0.295,61,499,0.397,0.327,N
1313,0.255,319,1008,0.482,0.345,N
1106,0.242,81,524,0.353,0.311,N
1537,0.290,7,299,0.333,0.413,N
1273,0.254,310,965,0.494,0.359,N
1127,0.258,166,641,0.438,0.300,N
1714,0.311,83,821,0.450,0.357,N
1451,0.279,369,1015,0.548,0.398,Y
1341,0.285,173,812,0.464,0.332,N
1519,0.284,198,768,0.462,0.336,N
1415,0.283,202,805,0.466,0.377,N
1068,0.259,93,460,0.385,0.359,N
1834,0.311,106,851,0.463,0.392,N
1591,0.268,38,531,0.352,0.303,N
1617,0.279,22,403,0.343,0.322,N
1168,0.245,13,282,0.288,0.290,N
1652,0.320,119,832,0.478,0.419,Y
1375,0.267,42,609,0.370,0.351,N
1046,0.269,28,369,0.350,0.346,N
1429,0.273,39,370,0.347,0.368,N
1752,0.313,48,756,0.445,0.389,Y
1176,0.254,63,514,0.355,0.309,N
1377,0.273,114,601,0.415,0.338,N
1811,0.281,113,585,0.403,0.346,N
1132,0.241,245,732,0.449,0.369,N
1771,0.289,122,908,0.461,0.374,N
1546,0.278,46,435,0.368,0.335,N
1317,0.272,15,389,0.334,0.308,N
1482,0.277,239,950,0.492,0.388,N
1142,0.256,42,377,0.345,0.291,N
1313,0.264,113,628,0.386,0.314,N
1359,0.259,7,520,0.327,0.328,N
1120,0.273,51,549,0.388,0.360,N
1370,0.259,20,445,0.335,0.329,N
1173,0.273,57,405,0.374,0.324,N
1645,0.284,155,730,0.429,0.324,N
1207,0.258,25,386,0.326,0.351,N
1311,0.271,84,595,0.390,0.321,N
1402,0.267,143,696,0.416,0.354,N
1563,0.289,44,702,0.405,0.336,N
1422,0.281,54,402,0.378,0.343,N
1332,0.282,44,503,0.398,0.332,N
1491,0.268,45,438,0.347,0.307,N
1274,0.274,79,476,0.379,0.327,N
1490,0.264,6,451,0.326,0.329,N
1142,0.258,77,456,0.367,0.318,N
1439,0.265,211,807,0.447,0.328,N
1527,0.287,260,864,0.491,0.337,N
1407,0.268,93,547,0.378,0.330,N
1634,0.272,21,769,0.348,0.325,N
1532,0.284,146,744,0.425,0.357,N
1270,0.238,97,640,0.352,0.290,N
1753,0.296,42,719,0.407,0.388,N
1418,0.284,15,530,0.374,0.359,N
1620,0.293,328,1064,0.523,0.383,N
1450,0.271,28,574,0.350,0.347,N
1206,0.262,60,487,0.360,0.325,N
1243,0.248,117,500,0.377,0.298,N
1487,0.265,25,653,0.344,0.305,N
1458,0.272,164,676,0.429,0.358,N
877,0.247,90,431,0.370,0.319,N
977,0.258,51,392,0.368,0.325,N
1309,0.257,7,476,0.313,0.323,N
1543,0.284,123,739,0.426,0.339,N
1303,0.286,91,458,0.410,0.339,N
1695,0.273,259,908,0.467,0.321,N
1589,0.273,271,860,0.485,0.331,N
1358,0.284,32,621,0.370,0.336,N
1570,0.276,163,852,0.441,0.338,N
1723,0.303,52,799,0.405,0.347,N
1631,0.313,136,859,0.483,0.392,N
1229,0.249,228,760,0.446,0.340,N
1361,0.280,62,435,0.388,0.349,N
1529,0.262,104,708,0.383,0.303,N
1120,0.236,7,267,0.288,0.327,N
1534,0.277,32,675,0.365,0.319,N
1515,0.283,253,970,0.490,0.386,Y
1711,0.299,128,951,0.434,0.348,N
1393,0.247,156,680,0.399,0.292,N
1482,0.269,61,549,0.374,0.359,N
1618,0.300,215,898,0.480,0.370,N
1149,0.304,31,438,0.389,0.355,N
1334,0.274,107,550,0.409,0.322,N
1375,0.254,320,950,0.489,0.358,N
1478,0.282,100,658,0.396,0.360,N
1324,0.258,197,708,0.436,0.320,N
1726,0.295,381,1239,0.564,0.369,N
1701,0.295,93,927,0.415,0.343,N
1432,0.261,53,484,0.342,0.295,N
1415,0.254,106,556,0.366,0.313,N
1281,0.255,256,796,0.471,0.358,N
1211,0.246,46,439,0.341,0.324,N
1424,0.277,164,703,0.439,0.346,N
1453,0.271,162,745,0.420,0.326,N
1307,0.256,193,757,0.435,0.341,N
1379,0.262,144,740,0.398,0.316,N
1468,0.264,179,810,0.427,0.311,N
1606,0.275,60,977,0.381,0.371,N
1588,0.276,135,794,0.424,0.357,N
1818,0.324,181,997,0.532,0.383,N
1352,0.251,210,773,0.420,0.332,N
1227,0.250,146,599,0.387,0.307,N
1349,0.257,56,458,0.341,0.317,N
1060,0.241,201,674,0.429,0.388,N
1503,0.277,171,754,0.431,0.350,N
1188,0.262,251,824,0.485,0.339,N
1485,0.286,103,615,0.413,0.350,N
2066,0.312,23,977,0.392,0.351,Y
1564,0.275,51,912,0.383,0.337,N
1806,0.299,26,968,0.385,0.351,N
1342,0.254,253,895,0.452,0.360,N
1582,0.278,49,811,0.386,0.361,N
1437,0.278,242,795,0.489,0.384,N
1530,0.268,253,975,0.466,0.357,Y
1421,0.261,169,736,0.409,0.336,N
1422,0.240,406,1018,0.499,0.370,N
1308,0.270,118,611,0.411,0.323,N
1448,0.263,36,624,0.345,0.323,N
1276,0.254,179,657,0.404,0.312,N
1575,0.258,13,446,0.318,0.295,N
1339,0.239,134,601,0.366,0.361,N
1838,0.307,96,987,0.442,0.363,Y
1328,0.246,13,390,0.314,0.326,N
1558,0.272,178,829,0.441,0.390,N
1197,0.288,42,495,0.377,0.390,N
1401,0.259,335,1000,0.505,0.357,N
1596,0.267,91,502,0.379,0.316,N
1273,0.248,156,606,0.383,0.316,N
1494,0.270,108,717,0.403,0.319,N
1195,0.265,200,666,0.454,0.356,N
1442,0.289,70,575,0.396,0.349,N
1206,0.249,104,548,0.371,0.326,N
1474,0.265,9,318,0.314,0.382,Y
1702,0.278,265,1002,0.469,0.316,N
1166,0.252,168,603,0.418,0.312,N
1494,0.257,169,737,0.414,0.332,N
1526,0.263,32,715,0.357,0.314,N
1259,0.263,13,537,0.337,0.349,N
2158,0.344,40,736,0.432,0.455,Y
1321,0.262,31,555,0.360,0.311,N
1163,0.249,43,370,0.332,0.317,N
1270,0.250,101,606,0.370,0.343,N
1619,0.279,223,952,0.464,0.342,N
1354,0.278,29,446,0.362,0.351,N
1621,0.275,277,1152,0.483,0.362,N
1471,0.274,167,762,0.427,0.322,N
1488,0.272,80,571,0.384,0.327,N
1897,0.273,372,1035,0.505,0.323,N
1571,0.279,305,1017,0.500,0.378,N
1803,0.293,44,779,0.411,0.376,N
1651,0.273,94,545,0.393,0.328,N
1376,0.262,34,510,0.342,0.332,N
1488,0.288,98,533,0.420,0.371,N
1548,0.268,80,561,0.377,0.352,N
1696,0.287,44,695,0.401,0.402,N
1598,0.296,112,727,0.430,0.366,N
1906,0.309,64,581,0.420,0.364,N
1379,0.253,255,879,0.439,0.360,N
1479,0.278,233,865,0.482,0.358,N
1778,0.297,148,1020,0.452,0.342,Y
1469,0.257,78,506,0.355,0.296,N
1691,0.300,19,591,0.378,0.376,N
1208,0.255,42,390,0.344,0.342,N
1430,0.269,282,934,0.482,0.359,N
1716,0.284,126,658,0.411,0.315,N
1833,0.269,27,563,0.341,0.341,N
1806,0.289,22,696,0.361,0.339,N
1699,0.278,242,904,0.464,0.342,N
1393,0.259,20,696,0.341,0.323,N
1583,0.291,134,774,0.423,0.332,N
1604,0.275,139,802,0.402,0.327,N
1839,0.289,98,615,0.406,0.378,N
833,0.243,95,426,0.373,0.347,N
1553,0.268,255,870,0.463,0.352,N
1841,0.290,49,976,0.404,0.329,N
2024,0.270,193,793,0.432,0.328,N
1320,0.247,24,567,0.320,0.299,Y
1580,0.273,61,733,0.383,0.331,N
1393,0.253,292,976,0.472,0.361,N
1608,0.269,149,824,0.403,0.315,N
1779,0.295,68,789,0.415,0.380,Y
1576,0.267,27,762,0.360,0.330,N
1505,0.259,237,879,0.445,0.329,N
1591,0.270,214,887,0.440,0.321,N
1340,0.242,41,490,0.324,0.309,N
1677,0.299,204,890,0.464,0.369,N
1551,0.273,57,537,0.373,0.360,N
1576,0.275,186,756,0.433,0.328,N
1454,0.257,163,694,0.395,0.345,N
1455,0.249,20,551,0.315,0.281,N
1697,0.282,124,699,0.407,0.336,N
2083,0.302,66,1124,0.416,0.364,N
1768,0.291,135,929,0.433,0.337,Y
1566,0.282,211,888,0.459,0.332,N
1562,0.274,164,792,0.443,0.349,N
1203,0.218,7,447,0.264,0.281,N
1499,0.253,8,528,0.318,0.308,N
2134,0.302,57,855,0.409,0.358,N
1588,0.273,38,563,0.355,0.351,Y
1440,0.253,25,620,0.337,0.308,N
1087,0.228,92,525,0.344,0.295,N
1658,0.279,114,563,0.391,0.342,N
1614,0.290,80,686,0.391,0.396,N
2230,0.301,177,984,0.444,0.347,N
1777,0.307,31,427,0.381,0.345,N
2019,0.318,238,1164,0.534,0.395,Y
1318,0.265,149,740,0.417,0.385,N
1671,0.255,94,1019,0.369,0.325,N
1618,0.273,18,673,0.342,0.348,N
1674,0.282,299,1016,0.498,0.385,N
2296,0.342,106,1296,0.519,0.439,Y
1706,0.286,202,870,0.455,0.351,N
1774,0.292,26,566,0.384,0.373,N
1917,0.304,220,947,0.476,0.353,N
1484,0.268,235,948,0.465,0.365,N
1348,0.243,249,816,0.448,0.321,N
1364,0.234,31,621,0.314,0.316,N
1959,0.285,342,1227,0.503,0.343,N
1541,0.245,98,649,0.354,0.341,N
1882,0.290,42,932,0.373,0.364,N
1647,0.277,60,596,0.370,0.308,N
1936,0.295,434,1404,0.561,0.343,N
1443,0.261,240,882,0.439,0.355,N
1318,0.295,126,673,0.446,0.362,N
1502,0.258,190,812,0.410,0.343,N
1643,0.281,29,826,0.384,0.372,N
1447,0.253,315,981,0.481,0.345,N
1515,0.251,25,501,0.309,0.283,N
1776,0.274,223,1022,0.443,0.336,N
1561,0.272,238,874,0.477,0.364,N
1335,0.272,32,373,0.351,0.338,N
1906,0.299,274,1141,0.499,0.336,N
1729,0.280,94,884,0.394,0.343,N
2246,0.325,475,1434,0.608,0.414,N
1386,0.253,163,684,0.404,0.329,N
1379,0.270,11,318,0.314,0.343,N
1592,0.243,47,797,0.332,0.290,N
1613,0.268,42,577,0.361,0.350,N
1509,0.268,189,877,0.427,0.357,N
1958,0.302,90,977,0.440,0.383,N
1759,0.284,110,662,0.416,0.343,N
1766,0.298,279,1028,0.498,0.353,N
1395,0.272,125,656,0.403,0.343,N
2044,0.299,103,700,0.403,0.344,N
1859,0.286,247,1174,0.460,0.355,N
1889,0.290,28,443,0.351,0.368,N
1500,0.260,91,626,0.362,0.323,N
1578,0.259,161,703,0.420,0.315,N
1623,0.261,176,729,0.406,0.328,N
2193,0.341,154,1078,0.506,0.393,Y
1999,0.294,65,983,0.409,0.343,N
1396,0.242,162,654,0.372,0.299,N
1713,0.295,76,629,0.395,0.360,N
1376,0.230,15,554,0.306,0.279,N
1754,0.278,126,708,0.409,0.334,N
1731,0.283,79,543,0.390,0.359,N
1475,0.242,355,1072,0.470,0.337,N
1464,0.267,153,763,0.411,0.356,N
1604,0.272,104,591,0.386,0.332,N
2040,0.290,27,825,0.374,0.355,N
2214,0.325,361,1537,0.579,0.398,Y
1564,0.279,278,987,0.500,0.370,N
2282,0.324,106,1302,0.449,0.384,N
1840,0.292,178,1191,0.467,0.380,Y
1823,0.281,206,942,0.445,0.330,N
1863,0.285,401,1326,0.547,0.380,N
1706,0.287,100,830,0.419,0.390,N
1749,0.282,293,1086,0.481,0.367,N
1705,0.291,102,766,0.409,0.333,N
1254,0.267,102,531,0.394,0.329,N
1802,0.285,117,754,0.413,0.320,N
2606,0.322,104,660,0.419,0.365,N
1848,0.292,351,1119,0.534,0.378,N
2141,0.297,17,509,0.363,0.346,N
1415,0.264,155,808,0.402,0.357,N
2076,0.320,300,1201,0.543,0.379,Y
1838,0.299,75,838,0.425,0.371,N
1615,0.273,235,901,0.450,0.336,N
1841,0.277,75,951,0.408,0.335,N
1724,0.268,284,1027,0.454,0.325,N
1619,0.278,130,745,0.412,0.334,N
1861,0.293,85,636,0.389,0.342,N
1710,0.272,239,983,0.447,0.347,N
1345,0.253,11,594,0.316,0.340,N
1530,0.247,197,697,0.403,0.343,N
1779,0.274,325,1072,0.488,0.338,N
1358,0.269,57,503,0.363,0.345,N
1447,0.244,245,923,0.420,0.311,N
1093,0.233,96,471,0.347,0.319,N
1887,0.290,74,793,0.408,0.357,N
1671,0.266,286,962,0.454,0.320,N
1797,0.261,29,794,0.327,0.309,N
2064,0.282,334,1243,0.496,0.360,N
1949,0.281,54,550,0.358,0.335,N
1591,0.262,200,758,0.412,0.340,N
1843,0.296,360,1200,0.544,0.409,N
1666,0.267,305,983,0.487,0.343,N
1990,0.303,18,552,0.385,0.378,N
1705,0.270,264,1026,0.462,0.332,N
1775,0.266,252,1021,0.442,0.325,N
1562,0.263,61,571,0.345,0.316,N
1748,0.278,45,840,0.372,0.345,N
1369,0.247,188,826,0.409,0.354,N
2304,0.318,207,1085,0.477,0.360,Y
1991,0.294,124,997,0.430,0.331,N
1659,0.270,12,538,0.334,0.356,N
2153,0.307,222,1099,0.471,0.358,N
1951,0.265,64,736,0.361,0.339,N
1920,0.285,21,631,0.347,0.368,N
1969,0.313,202,1209,0.486,0.382,Y
2054,0.306,78,870,0.414,0.367,Y
2044,0.287,40,726,0.373,0.386,N
1585,0.284,147,830,0.431,0.386,N
1440,0.254,111,604,0.382,0.302,N
1344,0.258,87,481,0.358,0.319,N
1687,0.264,22,709,0.364,0.306,N
1854,0.291,49,630,0.378,0.375,N
1543,0.245,271,919,0.434,0.327,N
1696,0.274,47,568,0.351,0.319,N
2040,0.289,90,640,0.393,0.332,N
1941,0.292,140,1075,0.428,0.370,N
1687,0.262,31,782,0.353,0.308,N
1910,0.299,192,1058,0.458,0.355,N
1420,0.282,58,601,0.391,0.398,N
1766,0.270,92,792,0.395,0.332,N
2008,0.305,163,860,0.442,0.365,N
1986,0.277,297,1143,0.466,0.335,N
1073,0.287,7,308,0.351,0.372,N
1609,0.257,146,567,0.379,0.338,N
1671,0.263,155,614,0.388,0.349,N
1597,0.269,150,668,0.416,0.296,N
1613,0.258,43,656,0.335,0.325,N
2103,0.318,96,926,0.453,0.406,Y
1883,0.278,271,1116,0.470,0.340,N
1929,0.273,71,984,0.360,0.325,N
1934,0.311,116,992,0.461,0.359,N
1453,0.270,36,480,0.346,0.318,N
1795,0.276,307,1128,0.478,0.363,N
2063,0.310,64,1166,0.442,0.370,N
2253,0.301,16,736,0.355,0.347,N
1660,0.263,54,593,0.337,0.306,N
2104,0.275,26,867,0.341,0.346,Y
2089,0.289,126,757,0.411,0.333,N
1664,0.273,275,1065,0.474,0.374,N
1926,0.289,120,999,0.430,0.357,N
1826,0.295,184,989,0.447,0.364,N
1651,0.256,321,1008,0.468,0.336,N
1602,0.259,53,615,0.341,0.349,N
2092,0.303,87,671,0.408,0.357,N
1661,0.256,210,761,0.425,0.362,N
2596,0.346,101,1464,0.505,0.411,N
1963,0.298,186,1023,0.459,0.389,N
1996,0.292,43,970,0.403,0.345,N
1730,0.266,374,1159,0.489,0.359,N
1506,0.284,59,710,0.401,0.393,N
1355,0.224,60,461,0.300,0.280,N
1897,0.291,287,1078,0.502,0.400,N
2156,0.309,294,1236,0.502,0.369,N
1886,0.268,332,1024,0.471,0.353,N
1796,0.285,213,976,0.449,0.350,N
2077,0.287,41,611,0.384,0.366,N
2220,0.317,65,1194,0.451,0.402,Y
1792,0.306,190,990,0.460,0.358,Y
1418,0.261,118,614,0.377,0.316,N
1884,0.276,320,1105,0.476,0.321,N
1594,0.260,109,738,0.389,0.323,N
1692,0.277,266,1178,0.469,0.364,N
2074,0.290,151,874,0.411,0.343,N
2051,0.296,288,1283,0.506,0.393,N
2042,0.288,223,1247,0.461,0.362,Y
2018,0.307,72,951,0.429,0.354,N
1878,0.268,378,1218,0.489,0.317,N
1751,0.272,43,848,0.356,0.352,N
1941,0.281,90,998,0.408,0.341,N
1626,0.263,583,1414,0.588,0.394,N
2127,0.277,91,1055,0.383,0.335,N
2299,0.321,128,1065,0.474,0.386,Y
1803,0.271,160,758,0.404,0.360,N
1692,0.281,28,734,0.363,0.378,Y
2011,0.312,359,1337,0.562,0.397,Y
1757,0.264,226,840,0.441,0.331,N
1877,0.266,462,1407,0.515,0.353,N
1703,0.267,318,1147,0.475,0.354,N
1789,0.263,256,992,0.439,0.318,N
1897,0.270,140,946,0.391,0.316,N
1366,0.262,265,899,0.477,0.356,N
1774,0.273,382,1119,0.499,0.352,N
2192,0.298,241,1125,0.466,0.337,N
1726,0.265,151,706,0.398,0.338,N
2226,0.312,49,1055,0.413,0.391,Y
2063,0.284,288,1284,0.472,0.340,N
1055,0.269,37,369,0.349,0.318,N
1700,0.270,84,729,0.377,0.334,N
2064,0.306,105,1023,0.437,0.383,N
1694,0.276,203,890,0.438,0.352,N
1862,0.277,252,1043,0.445,0.357,N
1501,0.271,97,645,0.388,0.337,N
2127,0.308,427,1335,0.545,0.377,N
1884,0.278,164,824,0.420,0.325,N
2004,0.279,32,591,0.358,0.355,Y
1599,0.276,91,580,0.389,0.341,N
2158,0.291,57,941,0.391,0.319,N
1665,0.250,291,964,0.436,0.366,N
2345,0.304,47,839,0.407,0.367,Y
1931,0.289,27,934,0.384,0.355,N
2131,0.303,38,850,0.406,0.389,N
2138,0.286,39,707,0.366,0.330,N
1564,0.257,189,773,0.403,0.347,N
2193,0.301,57,642,0.397,0.394,N
1575,0.236,442,1210,0.478,0.302,N
1934,0.263,208,846,0.419,0.319,N
1725,0.257,118,689,0.367,0.311,N
2416,0.320,58,1273,0.435,0.362,Y
2134,0.281,20,458,0.331,0.330,N
1959,0.281,331,1078,0.495,0.365,N
2134,0.303,332,1287,0.516,0.369,N
2077,0.281,316,1287,0.490,0.364,N
1804,0.250,9,436,0.300,0.356,N
1513,0.250,134,620,0.382,0.302,N
1547,0.261,51,652,0.337,0.326,Y
2003,0.283,328,1070,0.494,0.355,N
2273,0.285,358,1363,0.483,0.339,N
1700,0.249,278,968,0.444,0.338,N
1889,0.265,65,558,0.355,0.360,N
2227,0.280,346,1215,0.476,0.331,N
1832,0.277,336,1122,0.485,0.337,N
1493,0.248,95,624,0.348,0.327,N
1688,0.249,24,527,0.319,0.285,N
1944,0.261,15,823,0.317,0.311,N
2376,0.323,68,981,0.446,0.369,Y
1960,0.283,306,1111,0.484,0.360,N
1579,0.251,80,607,0.344,0.325,N
2054,0.277,192,875,0.436,0.352,N
2176,0.303,284,1205,0.497,0.384,N
1925,0.274,348,1239,0.480,0.338,N
1830,0.263,217,920,0.415,0.307,N
2061,0.289,170,1195,0.440,0.375,N
2100,0.285,17,617,0.353,0.353,N
2532,0.316,69,1014,0.417,0.385,N
2471,0.324,205,1383,0.505,0.362,Y
2055,0.272,123,854,0.390,0.317,N
1619,0.264,241,775,0.443,0.361,N
2020,0.287,314,1092,0.489,0.366,N
2160,0.313,383,1311,0.565,0.400,N
1875,0.273,215,884,0.442,0.355,N
1687,0.260,107,708,0.364,0.309,N
1782,0.252,324,1070,0.440,0.313,N
1912,0.297,236,1179,0.489,0.370,Y
2313,0.310,219,1422,0.500,0.369,Y
1764,0.264,28,619,0.338,0.287,N
2459,0.316,27,598,0.393,0.353,Y
2231,0.294,22,688,0.358,0.371,N
1826,0.267,340,1180,0.476,0.379,N
2467,0.317,138,1322,0.486,0.406,Y
2020,0.277,193,1007,0.425,0.343,N
2183,0.283,422,1336,0.499,0.359,N
2121,0.294,153,1052,0.405,0.329,N
2643,0.311,62,1203,0.423,0.357,Y
2107,0.291,352,1206,0.510,0.363,N
1981,0.292,251,1005,0.470,0.365,N
2087,0.285,199,976,0.443,0.347,N
1833,0.266,224,864,0.424,0.371,N
2524,0.330,110,1183,0.479,0.377,Y
1949,0.284,393,1199,0.527,0.376,N
1876,0.259,48,740,0.335,0.336,N
2138,0.291,89,679,0.416,0.364,N
2502,0.306,118,1093,0.444,0.376,N
2326,0.303,56,722,0.401,0.360,N
2165,0.284,79,710,0.391,0.355,N
1316,0.228,20,389,0.280,0.300,N
1913,0.275,138,775,0.395,0.333,N
1570,0.237,124,648,0.351,0.275,N
1790,0.254,242,1039,0.408,0.352,N
1925,0.271,339,1271,0.471,0.344,N
1982,0.285,214,1071,0.443,0.347,N
1993,0.273,325,1163,0.457,0.332,N
1977,0.293,95,920,0.416,0.372,N
2011,0.281,234,978,0.439,0.364,N
2060,0.289,204,1106,0.440,0.362,N
1992,0.268,271,1051,0.435,0.333,N
2143,0.287,282,1141,0.462,0.349,N
2038,0.280,473,1512,0.546,0.383,N
1981,0.278,242,1013,0.432,0.347,N
1776,0.266,339,1187,0.462,0.361,N
1980,0.278,267,1111,0.446,0.329,N
2105,0.288,281,1269,0.470,0.363,N
2420,0.320,354,1345,0.545,0.419,N
2247,0.312,309,1261,0.515,0.418,N
2812,0.340,102,1175,0.468,0.379,Y
1963,0.265,195,860,0.416,0.343,N
2850,0.338,75,952,0.446,0.415,N
2031,0.267,354,1244,0.459,0.313,N
1921,0.273,370,1274,0.487,0.359,N
1868,0.261,316,1139,0.445,0.354,N
2336,0.297,287,1257,0.477,0.381,N
1931,0.252,14,527,0.312,0.314,N
1885,0.267,294,1182,0.444,0.362,N
2096,0.271,70,728,0.369,0.304,N
2029,0.282,246,1065,0.436,0.388,N
2101,0.286,206,852,0.433,0.328,N
2091,0.290,191,1097,0.454,0.351,N
2195,0.288,75,744,0.378,0.366,N
2150,0.281,74,992,0.403,0.346,N
2169,0.291,83,1176,0.427,0.364,N
2182,0.296,162,1071,0.436,0.384,N
2452,0.298,382,1451,0.502,0.352,Y
1820,0.271,377,1103,0.488,0.374,N
1639,0.243,68,594,0.321,0.314,N
2143,0.296,152,859,0.431,0.359,N
1933,0.254,434,1289,0.486,0.337,N
2428,0.299,130,781,0.423,0.372,N
1968,0.280,429,1405,0.522,0.403,N
2212,0.277,131,1049,0.406,0.359,N
1904,0.258,110,723,0.367,0.312,N
1863,0.254,139,683,0.371,0.394,N
2010,0.279,287,1173,0.472,0.358,N
2362,0.285,304,1282,0.457,0.336,N
2150,0.285,358,1430,0.482,0.348,Y
2084,0.274,56,813,0.378,0.375,N
2932,0.341,33,810,0.415,0.388,Y
2285,0.301,170,1424,0.468,0.390,Y
2351,0.297,379,1365,0.499,0.350,Y
2405,0.307,20,1063,0.381,0.343,N
2250,0.271,53,1067,0.372,0.362,Y
2116,0.295,407,1333,0.540,0.380,Y
2590,0.318,449,1496,0.553,0.379,N
2660,0.342,183,1539,0.520,0.410,Y
2314,0.297,449,1529,0.540,0.408,N
2327,0.286,140,923,0.398,0.343,N
2207,0.285,41,585,0.376,0.326,N
1954,0.264,195,918,0.395,0.365,N
2143,0.269,63,810,0.370,0.340,N
2276,0.288,94,844,0.399,0.347,N
2048,0.267,389,1376,0.476,0.342,Y
2004,0.265,253,1110,0.423,0.346,N
2023,0.266,160,819,0.389,0.374,N
2016,0.260,138,853,0.367,0.299,Y
2386,0.285,282,1061,0.452,0.344,Y
2721,0.340,493,1995,0.632,0.447,Y
2251,0.272,227,967,0.415,0.318,N
2299,0.290,79,1078,0.397,0.341,N
2170,0.269,126,885,0.377,0.366,Y
2352,0.298,71,1034,0.420,0.378,N
2109,0.279,185,972,0.415,0.334,N
2111,0.265,398,1266,0.469,0.346,N
2340,0.295,198,960,0.444,0.371,Y
1926,0.263,46,627,0.338,0.310,N
2152,0.268,306,1322,0.450,0.315,N
2184,0.259,396,1445,0.464,0.306,N
2574,0.308,29,586,0.382,0.396,Y
2007,0.261,75,598,0.352,0.321,N
2252,0.256,34,1135,0.335,0.289,N
2254,0.295,79,856,0.396,0.333,N
2210,0.276,54,687,0.351,0.373,N
2342,0.297,252,1185,0.452,0.365,N
2085,0.257,260,1125,0.416,0.316,N
2375,0.290,54,578,0.376,0.377,N
2927,0.334,307,1827,0.535,0.380,Y
2449,0.289,84,773,0.387,0.337,Y
2529,0.293,287,1365,0.461,0.324,N
2239,0.295,255,1230,0.465,0.398,N
2705,0.296,37,842,0.375,0.340,N
2672,0.312,67,1015,0.429,0.386,N
2254,0.277,342,1331,0.464,0.362,Y
2445,0.303,173,1146,0.442,0.383,N
2437,0.292,287,1349,0.477,0.396,N
2191,0.260,15,525,0.320,0.300,N
2333,0.288,399,1425,0.499,0.347,N
2930,0.358,301,1584,0.577,0.434,Y
1759,0.246,112,720,0.349,0.327,N
1838,0.254,105,826,0.346,0.315,N
2645,0.292,47,1371,0.382,0.328,N
2256,0.280,108,1071,0.399,0.365,N
2735,0.316,248,1609,0.500,0.387,Y
2135,0.260,338,1276,0.436,0.342,N
2654,0.344,521,1839,0.634,0.482,Y
2365,0.285,185,1003,0.415,0.352,N
2092,0.262,324,1225,0.439,0.335,Y
2461,0.290,377,1518,0.500,0.356,N
2574,0.312,555,1831,0.585,0.411,N
2466,0.281,75,817,0.387,0.368,Y
2880,0.316,105,1244,0.432,0.369,Y
2326,0.282,188,1153,0.413,0.332,N
2646,0.325,534,1922,0.609,0.428,Y
2468,0.301,521,1704,0.555,0.419,N
2839,0.320,184,1427,0.480,0.404,Y
2006,0.255,160,886,0.383,0.293,N
2249,0.259,79,646,0.342,0.311,N
2599,0.294,272,1308,0.446,0.329,N
2099,0.267,275,1073,0.425,0.370,N
2251,0.284,165,1077,0.420,0.354,N
2408,0.273,609,1667,0.534,0.344,N
2232,0.282,475,1540,0.529,0.360,Y
2663,0.288,35,790,0.363,0.348,Y
2660,0.295,73,1437,0.405,0.361,Y
2743,0.303,219,1326,0.451,0.344,N
2724,0.300,210,1134,0.443,0.371,Y
2383,0.300,169,1304,0.453,0.382,Y
2309,0.268,34,1121,0.358,0.332,Y
2930,0.308,86,1575,0.435,0.361,Y
2726,0.303,468,1623,0.529,0.401,N
2369,0.276,244,1084,0.426,0.363,N
2315,0.271,512,1453,0.509,0.376,Y
2415,0.298,536,1509,0.557,0.421,Y
2901,0.300,647,1950,0.560,0.384,N
2987,0.322,34,1078,0.427,0.374,Y
2234,0.267,548,1595,0.527,0.380,Y
2514,0.279,201,1106,0.406,0.341,N
2495,0.286,172,1311,0.428,0.359,N
2884,0.317,132,1248,0.450,0.367,Y
2749,0.310,45,1116,0.398,0.399,Y
3304,0.313,255,1254,0.448,0.382,N
2769,0.284,235,1139,0.433,0.352,N
2561,0.279,182,1053,0.412,0.311,N
3000,0.317,240,1305,0.475,0.359,Y
2086,0.256,573,1584,0.509,0.376,Y
2380,0.274,350,1372,0.451,0.360,N
3010,0.328,118,1014,0.443,0.415,Y
3141,0.338,135,1138,0.459,0.388,Y
1913,0.266,215,1044,0.408,0.360,N
2457,0.272,84,1233,0.382,0.358,N
2472,0.285,248,1389,0.437,0.348,N
2490,0.284,493,1550,0.509,0.377,N
2712,0.290,339,1493,0.471,0.339,N
2757,0.286,256,1170,0.442,0.327,N
3053,0.328,92,1015,0.429,0.393,Y
2665,0.285,70,800,0.386,0.361,Y
3242,0.338,83,1599,0.467,0.380,Y
2328,0.276,612,1699,0.554,0.402,N
2326,0.267,101,950,0.357,0.322,N
2711,0.290,426,1475,0.492,0.361,Y
2356,0.269,376,1330,0.457,0.341,Y
2605,0.294,170,980,0.425,0.385,N
2873,0.342,714,2217,0.690,0.474,Y
2280,0.255,360,1341,0.434,0.308,N
2715,0.289,174,1208,0.408,0.321,N
2961,0.309,97,1525,0.452,0.362,Y
3418,0.333,97,2076,0.445,0.405,Y
2586,0.298,173,1194,0.417,0.365,N
2583,0.274,512,1636,0.500,0.330,Y
2844,0.296,311,1332,0.464,0.334,N
3152,0.333,113,1309,0.473,0.404,Y
2460,0.262,28,793,0.328,0.337,Y
2689,0.292,509,1676,0.514,0.393,N
2548,0.271,304,1167,0.442,0.332,N
2211,0.270,521,1555,0.515,0.374,Y
2591,0.283,354,1439,0.479,0.367,N
2677,0.262,83,791,0.343,0.311,Y
2446,0.272,385,1384,0.470,0.370,N
3023,0.293,149,900,0.410,0.343,Y
2774,0.279,438,1591,0.482,0.323,Y
2517,0.271,268,1133,0.427,0.392,Y
2605,0.258,28,884,0.340,0.318,Y
2781,0.284,630,1836,0.538,0.370,N
3319,0.306,234,1307,0.448,0.369,Y
2223,0.248,414,1354,0.431,0.361,N
2225,0.248,390,1314,0.421,0.329,N
3154,0.305,317,1595,0.487,0.369,Y
2876,0.304,511,1860,0.533,0.414,Y
2732,0.279,379,1652,0.463,0.341,Y
3514,0.345,117,1529,0.500,0.428,Y
3415,0.327,101,1732,0.466,0.391,Y
2943,0.294,586,1812,0.537,0.389,Y
2584,0.262,563,1702,0.490,0.356,Y
3315,0.333,47,1300,0.429,0.424,Y
2866,0.289,384,1628,0.465,0.356,N
3020,0.288,569,1835,0.515,0.371,N
3007,0.297,399,1583,0.480,0.376,Y
3060,0.281,291,1175,0.433,0.363,N
3142,0.285,251,1406,0.430,0.342,Y
2848,0.267,268,1357,0.401,0.322,Y
2877,0.272,80,951,0.352,0.336,N
2716,0.279,292,1466,0.431,0.362,N
3110,0.283,465,1833,0.475,0.353,Y
2935,0.298,762,1996,0.607,0.444,N
3283,0.302,660,1903,0.557,0.384,Y
3184,0.276,431,1695,0.447,0.340,Y
3630,0.331,475,1951,0.559,0.417,Y
3255,0.287,504,1917,0.476,0.359,Y
4189,0.366,117,1937,0.512,0.433,Y
3055,0.279,297,1115,0.419,0.401,Y
3771,0.305,755,2297,0.555,0.374,Y
3419,0.285,452,1844,0.462,0.379,Y
4256,0.303,160,1314,0.409,0.375,N
